Device_id,Name,Type,Accelerator Core,Start Time(us),Duration(us),Wait Time(us),Block Num
0,_Z19CannBenchCacheCleanIDhEvPhS0_llj,N/A,N/A,1790750643918021.371	,120.804,0,64
0,_Z10add_customPfS_S_,N/A,N/A,1790750643918190.872	,4.398,48.696000,1
0,_Z19CannBenchCacheCleanIDhEvPhS0_llj,N/A,N/A,1790750643918412.447	,120.583,217.352000,64
0,_Z10add_customPfS_S_,N/A,N/A,1790750643918576.062	,4.394,42.917000,1
0,_Z19CannBenchCacheCleanIDhEvPhS0_llj,N/A,N/A,1790750643918778.357	,120.734,197.856000,64
0,_Z10add_customPfS_S_,N/A,N/A,1790750643918940.892	,4.371,42.016000,1
0,_Z19CannBenchCacheCleanIDhEvPhS0_llj,N/A,N/A,1790750643919143.794	,120.851,198.379000,64
0,_Z10add_customPfS_S_,N/A,N/A,1790750643919305.886	,4.286,41.399000,1
0,_Z19CannBenchCacheCleanIDhEvPhS0_llj,N/A,N/A,1790750643919506.348	,120.344,195.964000,64
0,_Z10add_customPfS_S_,N/A,N/A,1790750643919667.893	,4.255,41.406000,1
0,_Z19CannBenchCacheCleanIDhEvPhS0_llj,N/A,N/A,1790750643919873.636	,120.910,201.495000,64
0,_Z10add_customPfS_S_,N/A,N/A,1790750643920035.047	,4.248,40.340000,1
0,_Z19CannBenchCacheCleanIDhEvPhS0_llj,N/A,N/A,1790750643920237.665	,120.767,198.502000,64
0,_Z10add_customPfS_S_,N/A,N/A,1790750643920399.387	,4.276,40.983000,1
0,_Z19CannBenchCacheCleanIDhEvPhS0_llj,N/A,N/A,1790750643920597.568	,119.816,193.724000,64
0,_Z10add_customPfS_S_,N/A,N/A,1790750643920758.344	,4.265,40.934000,1
0,_Z19CannBenchCacheCleanIDhEvPhS0_llj,N/A,N/A,1790750643920962.099	,120.744,199.485000,64
0,_Z10add_customPfS_S_,N/A,N/A,1790750643921123.668	,4.250,41.006000,1
0,_Z19CannBenchCacheCleanIDhEvPhS0_llj,N/A,N/A,1790750643921323.882	,120.065,196.000000,64
0,_Z10add_customPfS_S_,N/A,N/A,1790750643921486.395	,4.271,42.435000,1
0,_Z19CannBenchCacheCleanIDhEvPhS0_llj,N/A,N/A,1790750643921683.951	,120.002,193.229000,64
0,_Z10add_customPfS_S_,N/A,N/A,1790750643921843.531	,4.256,39.498000,1
0,_Z19CannBenchCacheCleanIDhEvPhS0_llj,N/A,N/A,1790750643922035.825	,120.173,187.994000,64
0,_Z10add_customPfS_S_,N/A,N/A,1790750643922198.864	,4.394,42.827000,1
0,_Z19CannBenchCacheCleanIDhEvPhS0_llj,N/A,N/A,1790750643922397.139	,119.820,194.106000,64
0,_Z10add_customPfS_S_,N/A,N/A,1790750643922557.975	,4.462,40.930000,1
0,_Z19CannBenchCacheCleanIDhEvPhS0_llj,N/A,N/A,1790750643922748.567	,119.602,186.038000,64
0,_Z10add_customPfS_S_,N/A,N/A,1790750643922909.245	,4.374,41.148000,1
0,_Z19CannBenchCacheCleanIDhEvPhS0_llj,N/A,N/A,1790750643923101.569	,119.894,187.876000,64
0,_Z10add_customPfS_S_,N/A,N/A,1790750643923262.523	,4.513,41.106000,1
0,_Z19CannBenchCacheCleanIDhEvPhS0_llj,N/A,N/A,1790750643923454.828	,119.658,187.737000,64
0,_Z10add_customPfS_S_,N/A,N/A,1790750643923620.099	,4.501,45.592000,1
0,_Z19CannBenchCacheCleanIDhEvPhS0_llj,N/A,N/A,1790750643923806.539	,120.500,181.999000,64
0,_Z10add_customPfS_S_,N/A,N/A,1790750643923967.394	,4.394,40.500000,1
0,_Z19CannBenchCacheCleanIDhEvPhS0_llj,N/A,N/A,1790750643924156.441	,120.161,184.606000,64
0,_Z10add_customPfS_S_,N/A,N/A,1790750643924316.560	,4.475,39.839000,1
0,_Z19CannBenchCacheCleanIDhEvPhS0_llj,N/A,N/A,1790750643924506.371	,120.659,185.275000,64
0,_Z10add_customPfS_S_,N/A,N/A,1790750643924667.222	,4.369,40.341000,1
0,_Z19CannBenchCacheCleanIDhEvPhS0_llj,N/A,N/A,1790750643924866.223	,120.494,194.631000,64
0,_Z10add_customPfS_S_,N/A,N/A,1790750643925029.324	,4.288,42.506000,1
